Title,Price,Date
        Pi Day T Shirt Kids Mens Graphic Math School Days Novelty Teachers Funny T-Shirt       ,13.,2025-04-19
        Pi Day T Shirt Kids Mens Graphic Math School Days Novelty Teachers Funny T-Shirt       ,13.,2025-04-19
        Pi Day T Shirt Kids Mens Graphic Math School Days Novelty Teachers Funny T-Shirt       ,13.,2025-04-19
        Pi Day T Shirt Kids Mens Graphic Math School Days Novelty Teachers Funny T-Shirt       ,13.,2025-04-19
Title,Price,Date
        Pi Day T Shirt Kids Mens Graphic Math School Days Novelty Teachers Funny T-Shirt       ,13.,2025-04-19
Title,Price,Date
        Pi Day T Shirt Kids Mens Graphic Math School Days Novelty Teachers Funny T-Shirt       ,13.,2025-04-19
Title,Price,Date
        Pi Day T Shirt Kids Mens Graphic Math School Days Novelty Teachers Funny T-Shirt       ,13.,2025-04-19
Title,Price,Date
        Pi Day T Shirt Kids Mens Graphic Math School Days Novelty Teachers Funny T-Shirt       ,13.,2025-04-19
Title,Price,Date
        Pi Day T Shirt Kids Mens Graphic Math School Days Novelty Teachers Funny T-Shirt       ,13.,2025-04-19
Title,Price,Date
        Pi Day T Shirt Kids Mens Graphic Math School Days Novelty Teachers Funny T-Shirt       ,13.,2025-04-19
Title,Price,Date
        Pi Day T Shirt Kids Mens Graphic Math School Days Novelty Teachers Funny T-Shirt       ,13.,2025-04-19
Title,Price,Date
        Pi Day T Shirt Kids Mens Graphic Math School Days Novelty Teachers Funny T-Shirt       ,13.,2025-04-19
Title,Price,Date
        Pi Day T Shirt Kids Mens Graphic Math School Days Novelty Teachers Funny T-Shirt       ,13.,2025-04-19
Title,Price,Date
        Pi Day T Shirt Kids Mens Graphic Math School Days Novelty Teachers Funny T-Shirt       ,13.,2025-04-19
Title,Price,Date
        Pi Day T Shirt Kids Mens Graphic Math School Days Novelty Teachers Funny T-Shirt       ,13.,2025-04-19
Title,Price,Date
        Pi Day T Shirt Kids Mens Graphic Math School Days Novelty Teachers Funny T-Shirt       ,13.,2025-04-19
Title,Price,Date
        Pi Day T Shirt Kids Mens Graphic Math School Days Novelty Teachers Funny T-Shirt       ,13.,2025-04-19
Title,Price,Date
        Pi Day T Shirt Kids Mens Graphic Math School Days Novelty Teachers Funny T-Shirt       ,13.,2025-04-19
Title,Price,Date
        Pi Day T Shirt Kids Mens Graphic Math School Days Novelty Teachers Funny T-Shirt       ,13.,2025-04-19
Title,Price,Date
        Pi Day T Shirt Kids Mens Graphic Math School Days Novelty Teachers Funny T-Shirt       ,13.,2025-04-19
Title,Price,Date
        Pi Day T Shirt Kids Mens Graphic Math School Days Novelty Teachers Funny T-Shirt       ,13.,2025-04-19
Title,Price,Date
        Pi Day T Shirt Kids Mens Graphic Math School Days Novelty Teachers Funny T-Shirt       ,13.,2025-04-19
Title,Price,Date
        Pi Day T Shirt Kids Mens Graphic Math School Days Novelty Teachers Funny T-Shirt       ,13.,2025-04-19
Title,Price,Date
        Pi Day T Shirt Kids Mens Graphic Math School Days Novelty Teachers Funny T-Shirt       ,13.,2025-04-19
Title,Price,Date
        Pi Day T Shirt Kids Mens Graphic Math School Days Novelty Teachers Funny T-Shirt       ,13.,2025-04-19
Title,Price,Date
        Pi Day T Shirt Kids Mens Graphic Math School Days Novelty Teachers Funny T-Shirt       ,13.,2025-04-19
Title,Price,Date
        Pi Day T Shirt Kids Mens Graphic Math School Days Novelty Teachers Funny T-Shirt       ,13.,2025-04-19
Title,Price,Date
        Pi Day T Shirt Kids Mens Graphic Math School Days Novelty Teachers Funny T-Shirt       ,13.,2025-04-19
Title,Price,Date
        Pi Day T Shirt Kids Mens Graphic Math School Days Novelty Teachers Funny T-Shirt       ,13.,2025-04-19
Title,Price,Date
        Pi Day T Shirt Kids Mens Graphic Math School Days Novelty Teachers Funny T-Shirt       ,13.,2025-04-19
Title,Price,Date
        Pi Day T Shirt Kids Mens Graphic Math School Days Novelty Teachers Funny T-Shirt       ,13.,2025-04-19
Title,Price,Date
        Pi Day T Shirt Kids Mens Graphic Math School Days Novelty Teachers Funny T-Shirt       ,13.,2025-04-19
Title,Price,Date
        Pi Day T Shirt Kids Mens Graphic Math School Days Novelty Teachers Funny T-Shirt       ,13.,2025-04-19
Title,Price,Date
        Pi Day T Shirt Kids Mens Graphic Math School Days Novelty Teachers Funny T-Shirt       ,13.,2025-04-19
Title,Price,Date
        Pi Day T Shirt Kids Mens Graphic Math School Days Novelty Teachers Funny T-Shirt       ,13.,2025-04-19
Title,Price,Date
        Pi Day T Shirt Kids Mens Graphic Math School Days Novelty Teachers Funny T-Shirt       ,13.,2025-04-19
Title,Price,Date
        Pi Day T Shirt Kids Mens Graphic Math School Days Novelty Teachers Funny T-Shirt       ,13.,2025-04-19
Title,Price,Date
        Pi Day T Shirt Kids Mens Graphic Math School Days Novelty Teachers Funny T-Shirt       ,13.,2025-04-19
Title,Price,Date
        Pi Day T Shirt Kids Mens Graphic Math School Days Novelty Teachers Funny T-Shirt       ,13.,2025-04-19
Title,Price,Date
        Pi Day T Shirt Kids Mens Graphic Math School Days Novelty Teachers Funny T-Shirt       ,13.,2025-04-19
Title,Price,Date
        Pi Day T Shirt Kids Mens Graphic Math School Days Novelty Teachers Funny T-Shirt       ,13.,2025-04-19
Title,Price,Date
        Pi Day T Shirt Kids Mens Graphic Math School Days Novelty Teachers Funny T-Shirt       ,13.,2025-04-19
Title,Price,Date
        Pi Day T Shirt Kids Mens Graphic Math School Days Novelty Teachers Funny T-Shirt       ,13.,2025-04-19
Title,Price,Date
        Pi Day T Shirt Kids Mens Graphic Math School Days Novelty Teachers Funny T-Shirt       ,13.,2025-04-19
Title,Price,Date
        Pi Day T Shirt Kids Mens Graphic Math School Days Novelty Teachers Funny T-Shirt       ,13.,2025-04-19
Title,Price,Date
        Pi Day T Shirt Kids Mens Graphic Math School Days Novelty Teachers Funny T-Shirt       ,13.,2025-04-19
